<?xml version="1.0" encoding="utf-8"?>
<products><product><id>1</id><category_id>3</category_id><name>GT-C3560</name><description>                        &lt;p&gt;Закругленные углы и окантовка  вносят стильный штрих в минималистичный дизайн телефона. Металлическая отделка смотрится  элегантно и современно. А благодаря небольшим размерам С3560 удобно лежит в руке и легко помещается в кармане.&lt;/p&gt;
&lt;br /&gt;

&lt;p&gt;Спецификации:&lt;/p&gt;
&lt;ul&gt;&lt;li&gt;Стандарты сети GSM и EDGE : GSM (850/900/1800/1900)&lt;/li&gt;&lt;li&gt;Стандарт сети 3G : N/A&lt;/li&gt;&lt;li&gt;Стандарт сети CDMA : N/A&lt;/li&gt;&lt;li&gt;TD-SCDMA Band : N/A&lt;/li&gt;&lt;/ul&gt;
                    </description><price>3000</price><image>1.png</image><status>1</status></product><product><id>2</id><category_id>3</category_id><name>S5570 Galaxy mini</name><description>Платформа
850/900/1800/1900 МГц
Диапазон 900/2100 МГц
Android 2.2 OS
Интернет браузер (Android Browser)
Физические характеристики
Вес трубки 106,6 г.
Размеры трубки: 110,4 x 60,6 x 12,1 мм</description><price>7000</price><image>2.png</image><status>1</status></product><product><id>3</id><category_id>3</category_id><name>GT-E2600</name><description>&lt;p&gt;Тонкий и изящный дизайн телефона E2600? широкий экран и пользовательский интерфейс Paragon UX обеспечивают удобство и комфорт в использовании.  Телефон оснащен интуитивно-понятным пользовательским интерфейсом.  &lt;/p&gt;
&lt;br /&gt;
&lt;p&gt;Спецификации:&lt;/p&gt;
&lt;ul&gt;&lt;li&gt;850 / 900 / 1800 / 1900 МГц GSM &amp;amp; EDGE Band&lt;/li&gt;&lt;li&gt;GPRS Network&amp;amp;Data: 850 / 900 / 1800 / 1900&lt;/li&gt;&lt;li&gt;EDGE Network&amp;amp;Data: 850 / 900 / 1800 / 1900&lt;/li&gt;&lt;li&gt;фирменная&lt;/li&gt;&lt;li&gt;Интернет браузерr ( NetFront 4.2)&lt;/li&gt;&lt;li&gt;JAVA™ SUN CLDC HotSpot Implementation 1.1 (MIDP 2.0) Platform&lt;/li&gt;&lt;li&gt;SAR 0,45 Вт./кг.&lt;/li&gt;&lt;/ul&gt;

&lt;a href="http://www.samsung.com/ru/consumer/mobile-devices/mobile-phones/hhp-gsm/GT-E2600ZKASER"&gt;http://www.samsung.com/ru/consumer/mobile-devices/mobile-phones/hhp-gsm/GT-E2600ZKASER&lt;/a&gt;</description><price>5000</price><image>3.png</image><status>1</status></product><product><id>4</id><category_id>3</category_id><name>E2530 La Fleur</name><description>                        &lt;ul&gt;&lt;li&gt;850/900/1800/1900 МГц&lt;/li&gt;&lt;li&gt;GPRS класс 12&lt;/li&gt;&lt;li&gt;EDGE Class12(только RX)&lt;/li&gt;&lt;li&gt;Proprietary (MMP) OS&lt;/li&gt;&lt;li&gt;Интернет браузер&lt;/li&gt;&lt;li&gt;MIDP 2,1 / CLDC 1.1&lt;/li&gt;&lt;/ul&gt;

&lt;ul&gt;&lt;li&gt;Вес трубки 86 г.&lt;/li&gt;&lt;li&gt;Размеры трубки: 94.4 x 47.2 x 17.4 мм&lt;/li&gt;&lt;/ul&gt;

&lt;ul&gt;&lt;li&gt;Стандартная батарея: до 800 мАч&lt;/li&gt;&lt;li&gt;До 680 мин. в режиме разговора&lt;/li&gt;&lt;/ul&gt;

&lt;a href="http://www.samsung.com/ru/consumer/mobile-devices/mobile-phones/hhp-gsm/GT-E2530SRFSER"&gt;
http://www.samsung.com/ru/consumer/mobile-devices/mobile-phones/hhp-gsm/GT-E2530SRFSER&lt;/a&gt;
                    </description><price>6000</price><image>4.png</image><status>1</status></product><product><id>5</id><category_id>3</category_id><name>S3350 Chat 335</name><description>&lt;p&gt;Samsung Ch@t 335 — самый тонкий QWERTY-телефон на современном рынке, чья толщина составляет всего 11,9&amp;nbsp;мм. Обтекаемый корпус с хромированным покрытием придает модели изысканный классический вид. 2,4-дюймовый LQVGA дисплей идеально подходит для просмотра снимков и чтения длинных сообщений.&lt;/p&gt;
&lt;br /&gt;
&lt;p&gt;Благодаря новой, улучшенной QWERTY-клавиатуре набор текста становится еще более быстрым и удобным, как при печати на ПК. Есть возможность настраивать горячие клавиши для часто используемых приложений (например, A для будильника и т.п.).&lt;/p&gt;

&lt;a href="http://www.samsung.com/ru/consumer/mobile-devices/mobile-phones/hhp-gsm/GT-S3350HKASER"&gt;http://www.samsung.com/ru/consumer/mobile-devices/mobile-phones/hhp-gsm/GT-S3350HKASER&lt;/a&gt;</description><price>10000</price><image>5.png</image><status>1</status></product><product><id>6</id><category_id>3</category_id><name>S5380 La Fleur Wave Y</name><description>Стандарты сети 850/900/1800/1900MHz GSM&amp;EDGE Band
Стандарты сети: 900/2100МГц 3G
Поддерживаемые 3G: GPRS Network&amp;Data :850/900/1800/1900 (Slave)
EDGE Network&amp;Data: стандарты сетей: 850/900/1800/1900 (Master)
Network&amp;Data (3G): HSDPA 7,2Мбит/с.
Bada 2.0
Браузер Dolfin Browser 3.0
Платформа SUN CLDC 1.1
Значение SAR: 0,797мВт./г.
</description><price>12000</price><image>6.png</image><status>1</status></product><product><id>7</id><category_id>3</category_id><name>I9001 Galaxy S Plus</name><description>Платформа
850 / 900 / 1800 / 1900 МГц
GPRS Class12
EDGE Class12
Интернет браузер (Android Browser)
Дисплей
Разрешение дисплея 480 x 800 WVGA
&lt;br /&gt;
&lt;br /&gt;
&lt;a href="http://www.samsung.com/ru/consumer/mobile-devices/mobile-phones/hhp-smart/GT-I9001HKDSER"&gt;http://www.samsung.com/ru/consumer/mobile-devices/mobile-phones/hhp-smart/GT-I9001HKDSER&lt;/a&gt;</description><price>11000</price><image>7.png</image><status>1</status></product><product><id>8</id><category_id>3</category_id><name>I8350 Omnia W</name><description>Windows Phone 7.5 Mango
GSM&amp;EDGE 850 / 900 / 1,800 / 1,900 МГц
3G 900 / 2,100 MГц
GPRS: Класс 12
EDGE: Класс 12
HSDPA 14.4 / HSUPA 5.76 Мбит/с
Internet Explorer 9
</description><price>15000</price><image>8.png</image><status>1</status></product><product><id>13</id><category_id>3</category_id><name>2222-1234</name><description>22222234-5</description><price>122234</price><image>13.jpg</image><status>1</status></product><product><id>11</id><category_id>4</category_id><name>iPhone 3GS</name><description>Широкоформатный дисплей Multi-Touch с диагональю 3,5 дюйма
Разрешение 480 x 320 пикселей (163 пикселя/дюйм)
Олеофобное покрытие, препятствующее появлению отпечатков пальцев
Поддержка одновременного отображения нескольких языков и наборов символов
&lt;br /&gt;&lt;br /&gt;
&lt;a href="http://www.apple.com/ru/iphone/iphone-3gs/specs.html"&gt;http://www.apple.com/ru/iphone/iphone-3gs/specs.html&lt;/a&gt;</description><price>20000</price><image>11.PNG</image><status>1</status></product><product><id>12</id><category_id>4</category_id><name>iPhone 4S</name><description>                                                Поддержка международных сетей
UMTS/HSDPA/HSUPA (850, 900, 1900, 2100 МГц); 
GSM/EDGE (850, 900, 1800, 1900 МГц)
CDMA EV-DO Rev. A (800, 1900 МГц)3
802.11b/g/n Wi-Fi (802.11n только 2,4 ГГц)
Беспроводная технология Bluetooth 4.0
&lt;br /&gt;&lt;br /&gt;
&lt;a href="http://www.apple.com/ru/iphone/specs.html"&gt;http://www.apple.com/ru/iphone/specs.html&lt;/a&gt;
                    
                    </description><price>25000</price><image>12.png</image><status>1</status></product><product><id>14</id><category_id>4</category_id><name>3</name><description>33s</description><price>33</price><image>14.jpg</image><status>1</status></product></products>
